[
    {
        "Client": "Twitter Ads Composer",
        "Impressions": "7394",
        "LikesReceived": "4",
        "Name": "AnimalhealthEurope",
        "ProfileURL": "https://twitter.com/animalhealthEU",
        "ProtectedorNonprotected": "Non-Protected",
        "RetweetsReceived": "0",
        "TweetContent": "Pets change our lives &amp; become a part of our families ❤️That s why our members offer many solutions to help you to enjoy a long-lasting bond with your happy &amp; healthy pet 🐱🐶  MorethanMedicine   PetCare   PetsareFamily https://t.co/fZNIXge9a3",
        "TweetId": "\"1167429261210218497\"",
        "TweetLanguage": "English",
        "TweetLocation": "Brussels",
        "TweetPostedTime": "30 Aug 2019 13:30:00",
        "TweetType": "Tweet",
        "TweetURL": "https://twitter.com/animalhealthEU/status/1167429261210218497",
        "UserAccountCreationDate": "17 Dec 2012 09:14:15",
        "UserBio": "AnimalhealthEurope represents manufacturers of animal medicines in Europe   AnimalHealthMatters",
        "UserFollowers": "3697",
        "UserFollowing": "542",
        "UserId": "\"1017044760\"",
        "Username": "animalhealthEU",
        "VerifiedorNonVerified": "Non-Verified"
      }
      
]